{"cameraMode":{"drawMode":0,"name":"Shaded","section":"Shading Mode"},"sceneLighting":true,"audioPlay":false,"sceneViewState":{"showFog":true,"showMaterialUpdate":false,"showSkybox":true,"showFlares":true,"showImageEffects":true,"showParticleSystems":true},"in2DMode":false,"pivot":{"x":8.29023551940918,"y":0.2402513027191162,"z":-18.6209659576416},"rotation":{"x":-0.0006873144302517176,"y":-0.9990728497505188,"z":0.039294034242630008,"w":-0.018005624413490297},"size":8.479222297668457,"orthographic":false}